Date,ITRAXX-Europe
2010-09-16,0.21434758090849296
2010-09-17,0.20684405865088312
2010-09-20,1.1979931718468615
2010-09-21,-0.3313487773117871
2010-09-22,1.2298899932199305
2010-09-23,0.7331624755280581
2010-09-24,-1.1285412298654198
2010-09-27,0.18928138394656088
2010-09-28,0.4867541335077121
2010-09-29,-1.05958800425377
2010-09-30,-0.29464050998897995
2010-10-01,-0.4944273451238836
2010-10-04,0.24381027505895878
2010-10-05,-1.2001066311953046
2010-10-06,-1.332593912295238
2010-10-07,0.5218742903572512
2010-10-08,-0.38900914763063904
2010-10-11,-1.2568790310686362
2010-10-12,0.9722200626184022
2010-10-13,-1.3318764642109682
2010-10-14,1.2201167052858657
2010-10-15,0.4206577094441445
2010-10-18,0.15538413537274154
2010-10-19,-0.24044114306212863
2010-10-20,-0.11008038244456045
2010-10-21,-0.8150705392625955
2010-10-22,0.17995945334784963
2010-10-25,-1.2442857935552183
2010-10-26,0.0841543227334242
2010-10-27,0.9765321826853014
2010-10-28,-0.2857523205179364
2010-10-29,-0.07417846348894974
2010-11-01,0.15873666227911576
2010-11-02,-0.2908480614513948
2010-11-03,0.589560439039707
2010-11-04,-1.1825239758492494
2010-11-05,0.45605780457078915
2010-11-08,1.1515592939704258
2010-11-09,-0.29422907593909053
2010-11-10,1.1694801520025877
2010-11-11,0.7422192103670162
2010-11-12,-0.6210985067370554
2010-11-15,-0.6138932885885644
2010-11-16,0.9376645231583032
2010-11-17,-0.7827606492472835
2010-11-18,-0.596614992048957
2010-11-19,0.2451319389168796
2010-11-22,0.6061850540612431
2010-11-23,1.268769984157356
2010-11-24,-0.01918286348809647
2010-11-25,0.193474565438381
2010-11-26,0.6704439561975762
2010-11-29,1.0699769805065027
2010-11-30,1.163545452007681
2010-12-01,-1.3727002113633764
2010-12-02,-1.6662901231054665
2010-12-03,-0.05568259687586589
2010-12-06,0.06906097090631766
2010-12-07,-1.0289325062141927
2010-12-08,0.5618858887257111
2010-12-09,0.16512993834053544
2010-12-10,0.5072923308154043
2010-12-13,-0.7554001423337121
2010-12-14,-0.27711132483397755
2010-12-15,-0.20098427624236198
2010-12-16,0.22720151228150653
2010-12-17,0.4413615521771358
2010-12-20,0.25611352235161616
2010-12-21,-0.4180655324837105
2010-12-22,-0.2892777702407561
2010-12-23,0.4414455529563941
2010-12-24,-0.02242446454492218
2010-12-30,-0.15822283187528288
2010-12-31,-0.23364134224447017
2011-01-05,0.7661150306211133
2011-01-06,1.9013168754187435
2011-01-07,1.1589514340505644
2011-01-10,0.9561820533114002
2011-01-11,-1.219996659876268
2011-01-12,-1.831368770283679
2011-01-13,0.06703724933127794
2011-01-14,-0.3077947754308791
2011-01-17,-0.157008098218986
2011-01-18,0.024116065712346018
2011-01-19,-0.2677997143170492
2011-01-20,-0.20966072939191088
2011-01-21,-0.9637413555948864
2011-01-24,-1.4272218060003452
2011-01-25,1.4090566138289353
2011-01-26,-0.09259537585608428
2011-01-27,0.21479433404084416
2011-01-28,-0.06938833076164748
2011-01-31,-0.5042169272524294
2011-02-01,-0.7826414748319246
2011-02-02,0.009275407195331849
2011-02-03,0.41061966148930407
2011-02-04,-0.4804022520238259
2011-02-07,0.08062825013433854
2011-02-08,-0.24955845116746614
2011-02-09,0.32230301781760784
2011-02-10,0.3994839882825283
2011-02-11,-0.3269097133459414
2011-02-14,0.5350872832707121
2011-02-15,0.06215781980293159
2011-02-16,-0.6574464751728945
2011-02-17,-0.0009099586971600704
2011-02-18,0.09369501680910416
2011-02-21,0.7033046455084409
2011-02-22,0.5588424528894221
2011-02-23,0.555767593785482
2011-02-24,0.021415540971342593
2011-02-25,-1.021020824750396
2011-02-28,-0.5215293873861184
2011-03-01,0.4076675879313765
2011-03-02,0.20967338427287852
2011-03-03,-0.059999056181265116
2011-03-04,0.19237218405258502
2011-03-07,0.7226386205557301
2011-03-08,-0.29936318289640446
2011-03-09,0.1566803544479739
2011-03-10,0.5526153279188386
2011-03-11,0.07155836356041786
2011-03-14,-0.7232969031106139
2011-03-15,0.9222836161233836
2011-03-16,0.3103930357329335
2011-03-17,-0.807040918762215
2011-03-18,0.1353653180391358
2011-03-21,-0.5333880285979674
2011-03-22,0.6893141696952133
2011-03-23,0.19989667170993417
2011-03-24,-0.9917489912825634
2011-03-25,0.47286270275324627
2011-03-28,-0.2241330367695077
2011-03-29,0.04705250015646831
2011-03-30,0.26321333524789053
2011-03-31,0.021267884102678547
2011-04-01,-1.3623531706660132
2011-04-04,-0.5638453920977039
2011-04-05,0.14659239135797286
2011-04-06,-0.8239953778636063
2011-04-07,0.45892484839148107
2011-04-08,-0.7190415472378591
2011-04-11,0.32934440167328155
2011-04-12,0.7334898488206362
2011-04-13,-0.1014589553547408
2011-04-14,-0.010981949734309004
2011-04-15,0.27993523607248055
2011-04-18,1.380870362073707
2011-04-19,-0.5122334630550623
2011-04-20,-0.36596718252093363
2011-04-21,-0.1257040322837286
2011-04-27,-0.3544632822532067
2011-04-28,-0.5300980919997131
2011-05-04,0.02953824176227051
2011-05-05,0.2785566669093612
2011-05-06,-0.4839042531005775
2011-05-09,0.9315785790937171
2011-05-10,-0.4973753672814551
2011-05-11,-0.05803758010006302
2011-05-12,0.086421185889377
2011-05-13,-0.1859259316905661
2011-05-16,0.029437383364062295
2011-05-17,0.44096647684969525
2011-05-18,-0.09080743797830412
2011-05-19,0.06570457866881926
2011-05-20,0.6806655167633521
2011-05-23,1.0916835981149322
2011-05-24,-0.49620425687188097
2011-05-25,0.26989528630103915
2011-05-26,0.2298803803912249
2011-05-27,0.2000902774793834
2011-06-01,0.10371404626173115
2011-06-02,0.5078806183731878
2011-06-03,-0.3203317391806131
2011-06-06,0.0713905236411049
2011-06-07,-0.007190590630197393
2011-06-08,0.6181532212113622
2011-06-09,0.11597693744351596
2011-06-10,0.6405983799859298
2011-06-13,0.37623168632794135
2011-06-14,-0.5955379285192712
2011-06-15,0.8279719264148059
2011-06-16,0.6369081941216338
2011-06-17,-0.28316874825832633
2011-06-20,-0.00675553922783696
2011-06-21,-1.1673848831702605
2011-06-22,0.7033823359089539
2011-06-23,1.556341030353436
2011-06-24,0.14291949175373642
2011-06-27,-0.04032935704879907
2011-06-28,-0.7302627415393416
2011-06-29,-0.6968918160057284
2011-06-30,-1.4206862229243131
2011-07-01,-0.7787524906731486
2011-07-04,0.18747320201835085
2011-07-05,0.6407742981909746
2011-07-06,1.4166406582986364
2011-07-07,-0.8253234078097739
2011-07-08,1.3337889152001032
2011-07-11,1.9229806231595032
2011-07-12,0.069921961234844
2011-07-13,-0.5525448594127577
2011-07-14,0.6105395772406982
2011-07-15,0.8092691844133778
2011-07-18,0.7041535566641934
2011-07-19,-0.505221800403634
2011-07-20,-1.5983894330673702
2011-07-21,-1.5964484708300617
2011-07-22,-0.34839791999064335
2011-07-25,1.1895138104547753
2011-07-26,-0.5028997149004825
2011-07-27,0.7239135275530778
2011-07-28,-0.4481122723934636
2011-07-29,0.6424742109367959
2011-08-01,0.4816840149848724
2011-08-02,1.2759438371891614
2011-08-03,0.9975303444129293
2011-08-04,1.1467753412643167
2011-08-05,1.0981282225433882
2011-08-08,0.9204694728038147
2011-08-09,0.3650734539847528
2011-08-10,1.5245057630049854
2011-08-11,1.6803821982207596
2011-08-12,-1.273745963117641
2011-08-15,-1.9232669339045607
2011-08-16,0.45410919613491585
2011-08-17,-0.4237090343249011
2011-08-18,2.356878510008779
2011-08-19,0.5465021507692307
2011-08-22,1.8635681286696524
2011-08-23,0.64048819624401
2011-08-24,0.5955996254821516
2011-08-25,-0.45550792215537345
2011-08-26,0.07852353557944011
2011-08-31,-1.8246204754234463
2011-09-01,0.607937362563483
2011-09-02,1.8829806241052904
2011-09-05,2.9092928301316867
2011-09-06,1.1796154279366884
2011-09-07,-2.118565765509775
2011-09-08,-0.33190313595787807
2011-09-09,2.625086607119045
2011-09-12,1.9263405389923844
2011-09-13,-1.3830757810628052
2011-09-14,-1.2329056704335977
2011-09-15,-1.6816446715832443
2011-09-16,0.21838518123117498
2011-09-19,2.017132062548042
2011-09-20,-0.3140361803596214
2011-09-21,0.22854436614723808
2011-09-22,2.0601386121857996
2011-09-23,-0.44298506993499076
2011-09-26,0.047217029967832884
2011-09-27,-1.081627673936023
2011-09-28,0.5447734436783533
2011-09-29,-0.5071890677013765
2011-09-30,1.8527199880552265
2011-10-03,0.8121569496718103
2011-10-04,0.23174355505089556
2011-10-05,-1.606206059952577
2011-10-06,-1.293252076962792
2011-10-07,-0.2570176608525468
2011-10-10,-1.874288869424372
2011-10-11,0.2322083162077613
2011-10-12,-1.370387455579109
2011-10-13,1.2376438488088002
2011-10-14,-1.1317606399854414
2011-10-17,0.4170659664250216
2011-10-18,0.7301801406823947
2011-10-19,-0.5111299948791441
2011-10-20,1.2314765627483504
2011-10-21,-1.337048806251831
2011-10-24,-0.46816361564537035
2011-10-25,0.3566745400368715
2011-10-26,-0.0549507837213845
2011-10-27,-4.533914933948413
2011-10-28,-0.3586855925778707
2011-10-31,2.4950591189338662
2011-11-01,3.8563258599494112
2011-11-02,-1.4801237818659498
2011-11-03,-1.3495644914972476
2011-11-04,0.8646214362417534
2011-11-07,0.5120552630557083
2011-11-08,0.1348987026629775
2011-11-09,1.3625429620183178
2011-11-10,0.44820546280876367
2011-11-11,-2.3507052891233666
2011-11-14,1.3431115553481872
2011-11-15,1.660252484911925
2011-11-16,-0.9455693615276066
2011-11-17,0.6706806446731727
2011-11-18,-0.014797301266052639
2011-11-21,1.7730024418892052
2011-11-22,0.22031267145578676
2011-11-23,1.3114648108384905
2011-11-24,-0.19284911268696178
2011-11-25,-0.16859993741930973
2011-11-28,-0.9520225021246913
2011-11-29,-0.47134361769248473
2011-11-30,-1.9607151846709765
2011-12-01,-0.6226473461938306
2011-12-02,-0.8420459660706516
2011-12-05,-1.5789087438194962
2011-12-06,0.6550194868775996
2011-12-07,-0.9829947940885686
2011-12-08,1.479050117430543
2011-12-09,0.02145623598124731
2011-12-12,1.9621772548869447
2011-12-13,-0.16622738281914534
2011-12-14,1.1782059213194522
2011-12-15,-0.9358630766928263
2011-12-16,0.09345322411316295
2011-12-19,0.08447997242914758
2011-12-20,-1.3384985185831744
2011-12-21,-0.5421242065733136
2011-12-22,-0.6244801351561865
2011-12-23,-0.17993775912552795
2011-12-29,0.382995831328372
2011-12-30,-0.29827646124860735
2012-01-04,0.7790008250303828
2012-01-05,0.9461437874461014
2012-01-06,-0.01921743819877153
2012-01-09,0.4013056120894836
2012-01-10,-1.1871085473790106
2012-01-11,0.4868974152991896
2012-01-12,-0.8091866165952821
2012-01-13,-0.055894426522230825
2012-01-16,-0.8876727160524372
2012-01-17,-0.774415500320347
2012-01-18,-0.25550131418601224
2012-01-19,-2.0097053785870593
2012-01-20,0.21669506408374384
2012-01-23,-0.9939801595927997
2012-01-24,0.33927398705095657
2012-01-25,-0.10302785981915213
2012-01-26,-1.5883753771374476
2012-01-27,-0.36161443037690777
2012-01-30,1.30111121623719
2012-01-31,-0.685061235849669
2012-02-01,-1.4873597242139087
2012-02-02,-0.5947136386167236
2012-02-03,-1.8297155000075596
2012-02-06,0.1164481633340143
2012-02-07,0.08048181609387006
2012-02-08,0.7846605050366016
2012-02-09,-0.4302505461129741
2012-02-10,1.260831935973302
2012-02-13,0.03532822216754659
2012-02-14,0.5212512540951912
2012-02-15,1.8061673090538533
2012-02-16,-0.8203801230496202
2012-02-17,-1.2030746855539447
2012-02-20,-1.1573207692246215
2012-02-21,-0.04803132295945213
2012-02-22,0.41339766028279723
2012-02-23,-0.24194856584959268
2012-02-24,-0.2935269306223825
2012-02-27,0.46651483357964957
2012-02-28,-1.0007491514542675
2012-02-29,0.05727461318595762
2012-03-01,-0.4898421759799172
2012-03-02,0.8474651688548772
2012-03-05,1.0929153243193654
2012-03-06,1.5957710601913198
2012-03-07,-1.3279808284411445
2012-03-08,-0.7747680505059077
2012-03-09,0.013816306209972914
2012-03-12,0.3966274934167146
2012-03-13,-1.1279799009650142
2012-03-14,-0.8603244740537929
2012-03-15,-0.5832163771536815
2012-03-16,-1.586421970557108
2012-03-19,-1.3703904956044908
2012-03-20,0.17667061298958753
2012-03-21,-0.06953603201439135
2012-03-22,0.9608415248810646
2012-03-23,0.17370805889246754
2012-03-26,-0.2144594273846898
2012-03-27,-0.014825332235183777
2012-03-28,0.7285338313671256
2012-03-29,1.499234008797739
2012-03-30,-0.10505679002280924
2012-04-02,-0.17348355463136203
2012-04-03,-0.12699477671792347
2012-04-04,1.5335913293484025
2012-04-05,0.5418863991370605
2012-04-11,-0.8062143851398758
2012-04-12,-1.7928466570491934
2012-04-13,2.230270947162715
2012-04-16,0.14193601116989463
2012-04-17,-1.8128152832802678
2012-04-18,1.3392727590567641
2012-04-19,0.6242958744722829
2012-04-20,-0.22687158494512036
2012-04-23,1.2600236049508449
2012-04-24,-0.9414434443886782
2012-04-25,-0.8055961972945546
2012-04-26,0.3083113030819547
2012-04-27,-1.0715297137073185
2012-04-30,0.5387982026007521
2012-05-01,-0.9555250756626251
2012-05-02,1.0254577307138084
2012-05-03,0.006025458259551156
2012-05-04,0.802762925370207
2012-05-07,-0.21359410367205392
2012-05-08,1.554878349474485
2012-05-09,1.4508473548668064
2012-05-10,-0.2878018918962161
2012-05-11,0.4408481852815379
2012-05-14,2.2570710144447244
2012-05-15,0.8489737274608928
2012-05-16,0.6185861441200369
2012-05-17,0.5925947597354265
2012-05-18,0.22919782321796806
2012-05-21,-0.45367904173308227
2012-05-22,-1.5941306491110054
2012-05-23,1.7155961142856186
2012-05-24,-1.1801393609238762
2012-05-25,0.150717145580557
2012-05-28,-0.8772878680176467
2012-05-29,-0.13548373481150014
2012-05-30,1.5177835209414048
2012-05-31,0.45011329876835
2012-06-01,0.7448708366870584
2012-06-07,-0.6315964100295457
2012-06-08,0.5798425440980507
2012-06-11,0.15603138389076804
2012-06-12,1.151761465126123
2012-06-13,-0.1113260526102275
2012-06-14,-0.42827568213084677
2012-06-15,-0.9881471026138353
2012-06-18,0.5074558786796232
2012-06-19,-0.9897564674452193
2012-06-20,-0.5692949061403094
2012-06-21,-0.13780615099322407
2012-06-22,0.11481458987345185
2012-06-25,1.502201826350871
2012-06-26,0.3465448883146364
2012-06-27,-0.3925186551257446
2012-06-28,0.06346108727334018
2012-06-29,-2.1973057678611356
2012-07-02,-0.7947455898804101
2012-07-03,-1.293009033996948
2012-07-04,0.562076459986559
2012-07-05,1.3031321495265549
2012-07-06,1.3043000134695097
2012-07-09,0.12242453157343934
2012-07-10,-0.7480202724943383
2012-07-11,-0.21671958828267335
2012-07-12,0.25556817269683385
2012-07-13,-0.43146339524372074
2012-07-16,0.6591441573710839
2012-07-17,-0.5200673145342598
2012-07-18,-0.677658360371012
2012-07-19,-0.4142159756266425
2012-07-20,1.4503318575395663
2012-07-23,1.0423992329486633
2012-07-24,0.82455301168233
2012-07-25,0.09559095664278547
2012-07-26,-1.7851596463092505
2012-07-27,-1.325705155848906
2012-07-30,-1.0951677848458903
2012-07-31,0.4714008062098984
2012-08-01,-0.8142309601361012
2012-08-02,2.170044608942762
2012-08-03,-3.4116896830857977
2012-08-06,-0.4557096315926264
2012-08-07,0.11996845536244286
2012-08-08,0.1588389968292309
2012-08-09,-0.8322304272779272
2012-08-10,0.6882065611341833
2012-08-13,-0.007488228872615917
2012-08-14,-0.7349954646741303
2012-08-15,0.15348774213922114
2012-08-16,-0.0970428577506485
2012-08-17,-0.17601794748262853
2012-08-20,-0.8215270781741961
2012-08-21,-0.937628874536281
2012-08-22,1.0970007761931257
2012-08-23,0.5864029693219225
2012-08-24,0.6910507045263617
2012-08-29,0.027986864410272382
2012-08-30,1.0097417339876087
2012-08-31,-0.46515212952187174
2012-09-03,-0.8509009041148919
2012-09-04,-0.3435889863269092
2012-09-05,-0.866735932652973
2012-09-06,-1.9552226571834246
2012-09-07,-1.4693547765670758
2012-09-10,0.8840507654659363
2012-09-11,-0.5540655188399106
2012-09-12,-0.5714332344584351
2012-09-13,0.5004448407323855
2012-09-14,-2.383786061274877
2012-09-17,0.6573486271298146
2012-09-18,0.538099991814069
2012-09-19,-0.40230948559491686
2012-09-20,1.905094722911512
2012-09-21,-0.42779573755478933
2012-09-24,0.9124535429433303
2012-09-25,0.9726390649550787
2012-09-26,1.7113180967004042
2012-09-27,-1.0830786313934262
2012-09-28,-0.16326944050026598
2012-10-01,-0.6805525192180011
2012-10-02,-0.34241892379569094
2012-10-03,-0.6948603622225938
2012-10-04,-0.005956356448509393
2012-10-05,-0.6894524486735361
2012-10-08,0.7229409091459941
2012-10-09,0.4621059442331461
2012-10-10,0.288555068272416
2012-10-11,-0.8341520609359242
2012-10-12,-0.4615233936147026
2012-10-15,-0.10873012897938629
2012-10-16,-1.235128636039039
2012-10-17,-1.7312757350799786
2012-10-18,0.7590337394445975
2012-10-19,0.8759033347594991
2012-10-22,0.3798646497199645
2012-10-23,1.1614275325382162
2012-10-24,-0.07251353029471737
2012-10-25,0.19562237508008212
2012-10-26,0.18179394117987144
2012-10-29,0.7024972302553405
2012-10-30,-0.704317147649656
2012-10-31,0.0749152557541638
2012-11-01,-0.471335528188025
2012-11-02,0.19062266214127538
2012-11-05,0.28555581282321624
2012-11-06,-0.5481367159163474
2012-11-07,0.6999169240856168
2012-11-08,0.31159960865656255
2012-11-09,0.1529895000187558
2012-11-12,0.041161572783523406
2012-11-13,-0.12232267093341029
2012-11-14,0.10071115428527416
2012-11-15,1.0390101774958063
2012-11-16,0.5221954018324756
2012-11-19,-1.5639354554197593
2012-11-20,-0.8406668734123148
2012-11-21,-0.6523703252158932
2012-11-22,-0.5969928365457899
2012-11-23,-0.5704924455991472
2012-11-26,0.9959281468053119
2012-11-27,-0.3938835691581669
2012-11-28,0.38425046026051624
2012-11-29,-0.7491762200188775
2012-11-30,0.20102068826988495
2012-12-03,-0.8026769614568409
2012-12-04,-0.014486626013184657
2012-12-05,-0.33669027802388174
2012-12-06,-0.4874768891043306
2012-12-07,0.3977291311072327
2012-12-10,0.31398067087477216
2012-12-11,-1.208384831710791
2012-12-12,-0.11138490256878096
2012-12-13,0.0019274175007748247
2012-12-14,0.24500046991595478
2012-12-17,-0.406095292560588
2012-12-18,-0.9762065140856168
2012-12-19,-0.26046908037472005
2012-12-20,-0.18503104694777747
2012-12-21,0.5951795508432915
2012-12-24,0.17406538101847374
2012-12-28,0.6487373778195946
2012-12-31,0.2636870461303788
2013-01-03,-1.2103977585267176
2013-01-04,0.5969772381841302
2013-01-07,-0.5987971555784555
2013-01-08,0.021313275139658517
2013-01-09,0.08150099631403257
2013-01-10,-0.10236847145980786
2013-01-11,-0.1920006362615138
2013-01-14,0.5219155318802683
2013-01-15,0.39276322663415825
2013-01-16,-0.2659602202109472
2013-01-17,-0.3376571945467236
2013-01-18,0.3013785085769324
2013-01-21,-0.595547843414336
2013-01-22,0.6156604504804334
2013-01-23,0.4253946542645449
2013-01-24,-0.02874480271489092
2013-01-25,-0.09386492737756481
2013-01-28,0.3355649798087835
2013-01-29,0.8178926279835744
2013-01-30,0.6308181252344187
2013-01-31,0.40483525233704926
2013-02-01,-0.28937512434036083
2013-02-04,1.712207136301987
2013-02-05,-0.6289255737946879
2013-02-06,0.5798660272096594
2013-02-07,0.17381212700216078
2013-02-08,-0.5588493915370709
2013-02-11,0.18706621662851988
2013-02-12,-0.8913973934124347
2013-02-13,-0.5459569854625891
2013-02-14,-0.285738586395805
2013-02-15,0.5865604503406442
2013-02-18,0.1493630070472212
2013-02-19,-0.5680442338542449
2013-02-20,-0.13025566483161224
2013-02-21,1.2416598739081066
2013-02-22,-0.43474828303670354
2013-02-25,-0.8509048604535395
2013-02-26,3.1854435129206484
2013-02-27,-1.1080027304096796
2013-02-28,-0.2927358283215271
2013-03-01,0.3379189709975268
2013-03-04,-0.468414614435011
2013-03-05,-1.0982779575876767
2013-03-06,-0.2628578291555742
2013-03-07,-1.0461389145166806
2013-03-08,-1.1682492981818398
2013-03-11,0.052216781734070676
2013-03-12,0.6054324761481663
2013-03-13,-0.0009099586971600704
2013-03-14,-0.7073277331453481
2013-03-15,0.2983984021040248
2013-03-18,-1.5778133389122317
2013-03-19,4.315809658919943
2013-03-20,1.2061577270273034
2013-03-21,0.13353119853719228
2013-03-22,0.0018279692237428613
2013-03-25,0.8982567194480261
2013-03-26,0.21410400625096762
2013-03-27,1.3719960753383988
2013-03-28,-0.7267840760622191
2013-04-03,-0.014397805115605587
2013-04-04,-0.11172146520188038
2013-04-05,-0.45070932058950997
2013-04-08,-0.5825139531165878
2013-04-09,-0.44261436396727727
2013-04-10,-1.4429816863275868
2013-04-11,-0.6135957549084412
2013-04-12,0.8889069105764504
2013-04-15,0.1776771369432776
2013-04-16,-0.06813114272052051
2013-04-17,0.5330150114063767
2013-04-18,0.2513845407482497
2013-04-19,-0.16410488170123605
2013-04-22,-0.7088898504127412
2013-04-23,-1.0683375239422244
2013-04-24,-0.36361454275273397
2013-04-25,-0.23777169464529732
2013-04-26,-0.05962224997726417
2013-04-29,-1.546335335918546
2013-04-30,-0.540478795148585
2013-05-01,0.4932226878752234
2013-05-02,-1.5812950664768604
2013-05-03,-1.4046148614487781
2013-05-08,0.8005993270818622
2013-05-09,0.39081451855661137
2013-05-10,-0.0009099586971600704
2013-05-13,1.35942066078735
2013-05-14,-0.27796886245385605
2013-05-15,-0.6209385660222565
2013-05-16,-0.13953979840179562
2013-05-17,-0.8702717899661551
2013-05-20,-0.37040604469727184
2013-05-21,0.5535477364790028
2013-05-22,-1.6784843319139084
2013-05-23,1.7121138656400932
2013-05-24,2.154722956148338
2013-05-29,2.007455991707927
2013-05-30,0.0445806186587506
2013-05-31,0.8420645012457485
2013-06-03,1.271208258626869
2013-06-04,-0.7987177749042658
2013-06-05,1.0575437194975348
2013-06-06,1.4543016319882083
2013-06-07,-2.5707543114987206
2013-06-10,0.9351324431720213
2013-06-11,1.0679853258258691
2013-06-12,0.38161957390597306
2013-06-13,0.14680730581341495
2013-06-14,-0.974756403973326
2013-06-17,-0.3782596482627269
2013-06-18,0.08933249652487792
2013-06-19,-0.3390983607142113
2013-06-20,3.533586732695581
2013-06-21,1.1205674710181153
2013-06-24,2.139855700276601
2013-06-25,-1.016834217285853
2013-06-26,-2.512452585785731
2013-06-27,-0.4348192375340898
2013-06-28,0.6954998384891341
2013-07-01,-1.332254598219667
2013-07-02,-0.2715466332867305
2013-07-03,0.7568679251454409
2013-07-04,-1.3184405440791322
2013-07-05,0.4729092668188362
2013-07-08,-1.0976212090334179
2013-07-09,-0.9917883402670675
2013-07-10,0.880024746824143
2013-07-11,-1.1459055671191967
2013-07-12,0.7819268967910211
2013-07-15,-0.9444562355915196
2013-07-16,0.38714291206618556
2013-07-17,-0.3394292750843624
2013-07-18,-1.0636603417247594
2013-07-19,-0.41583634559287086
2013-07-22,-0.9667836875123601
2013-07-23,0.6396390105696598
2013-07-24,0.12961008938701157
2013-07-25,1.0784401849885774
2013-07-26,-0.2856815409366265
2013-07-29,0.2554962328690696
2013-07-30,-1.0877356227140451
2013-07-31,0.021902456015234842
2013-08-01,-1.1177077701634963
2013-08-02,-0.2038248429607781
2013-08-05,-0.531033171022746
2013-08-06,0.34891428533863844
2013-08-07,0.34857240340311324
2013-08-08,-0.2992629782961594
2013-08-09,0.07393487247869011
2013-08-12,-0.06894360376982603
2013-08-13,-0.30883208855033306
2013-08-14,-0.03874529071778421
2013-08-15,1.5383819641930463
2013-08-16,-0.06992026907973568
2013-08-19,1.30804852619561
2013-08-20,-0.12756057477372718
2013-08-21,1.0202982132219078
2013-08-22,-0.8859885395215774
2013-08-23,-0.7939672260703721
2013-08-26,-0.0009099586971600704
2013-08-27,2.0471340630856476
2013-08-28,-0.10137813636854738
2013-08-29,-0.5544406511464783
2013-08-30,0.6439682344999581
2013-09-02,-1.114359197660836
2013-09-03,0.5172464794541559
2013-09-04,-0.00710400652334865
2013-09-05,0.13200320089628007
2013-09-06,-0.32954096780653697
2013-09-09,-1.2070404336525389
2013-09-10,-0.7333928814244244
2013-09-11,-0.5075012621968222
2013-09-12,0.1164394976062215
2013-09-13,0.22588176569036647
2013-09-16,-1.2579052401714776
2013-09-17,-0.09431111973435911
2013-09-18,-0.38422575495099465
2013-09-19,-1.2915472024258698
2013-09-20,3.403427319360041
2013-09-23,0.358455306357435
2013-09-24,-0.8968474557032714
2013-09-25,0.11576697203232766
2013-09-26,0.5304857949198984
2013-09-27,0.9476469355673007
2013-09-30,0.6102144830779651
2013-10-01,-1.5900689978974307
2013-10-02,-0.24429889482518555
2013-10-03,0.17359375506133826
2013-10-04,-0.5372640398275192
2013-10-07,0.2650600628542926
2013-10-08,0.5831956020463037
2013-10-09,0.49292145650518515
2013-10-10,-1.7918557172289964
2013-10-11,-1.112822491689458
2013-10-14,-0.2681461081856343
2013-10-15,-1.2277021299194255
2013-10-16,-0.46616233320149597
2013-10-17,0.13640228160080678
2013-10-18,-1.0929789707314261
2013-10-21,0.42520493687812105
2013-10-22,-0.9520577478803087
2013-10-23,0.9691314551788736
2013-10-24,0.10092668191695843
2013-10-25,0.14937633980374562
2013-10-28,-0.6712453084620682
2013-10-29,-0.6384716281402713
2013-10-30,0.4793885976152985
2013-10-31,-0.5319749901242491
2013-11-01,0.46087217368780015
2013-11-04,-0.42753764474455036
2013-11-05,0.6063140470516075
2013-11-06,-0.11991420631216305
2013-11-07,-0.842393182396155
2013-11-08,0.1722753074424492
2013-11-11,-0.563167582966486
2013-11-12,0.9787001056344894
2013-11-13,0.09583646650203309
2013-11-14,-0.7118817634871332
2013-11-15,-0.8167146236888189
2013-11-18,-0.293789530875885
2013-11-19,1.17484466565589
2013-11-20,-0.44135387122965947
2013-11-21,0.4749859770188322
2013-11-22,-1.1998605714419284
2013-11-25,-0.6777641060503679
2013-11-26,-0.06770377406693996
2013-11-27,-0.34961816854226374
2013-11-28,0.16760825169914076
2013-11-29,0.63574543565265
2013-12-02,-0.440664055337694
2013-12-03,1.2004505019729577
2013-12-04,0.4309703819516994
2013-12-05,0.42139815812535786
2013-12-06,-0.9558921639558488
2013-12-09,-1.1641882947860869
2013-12-10,-0.034405588815435054
2013-12-11,0.17455909348018145
2013-12-12,0.7650027769104198
2013-12-13,-0.4228175523390925
2013-12-16,-0.24922393527084266
2013-12-17,-0.14663876437333806
2013-12-18,-0.5989330420413114
2013-12-19,-1.5859749869491957
2013-12-20,-0.6407947801717013
2013-12-23,-0.8912688631952256
2013-12-24,0.02246607202957644
2013-12-25,-0.0009099586971600704
2013-12-26,-0.0009099586971600704
2013-12-27,0.13434120921784398
2013-12-30,0.26330299503629495
2013-12-31,-0.19074126762153384
2014-01-01,-0.0009099586971600704
2014-01-02,0.1843044559639681
2014-01-03,-0.48936212813633106
2014-01-06,-0.21250974770571804
2014-01-07,-0.20439771115207192
2014-01-08,0.9533796345219274
2014-01-09,0.21962344726897473
2014-01-10,-0.24911531656367514
2014-01-13,0.402608119742885
2014-01-14,0.25329588204071446
2014-01-15,-1.067213318378055
2014-01-16,0.3337624792113473
2014-01-17,0.18354408693956953
2014-01-20,0.28750360940815023
2014-01-21,0.035531938455308894
2014-01-22,0.4377343108456024
2014-01-23,1.5001609592907554
2014-01-24,3.516833204470798
2014-01-27,-0.3259610977253582
2014-01-28,-1.4888792254180232
2014-01-29,0.6240299463314718
2014-01-30,-0.26554913330050123
2014-01-31,0.33553195788075124
2014-02-03,0.8291837428536863
2014-02-04,-0.4980011516995552
2014-02-05,-0.17491521481189798
2014-02-06,-1.4233199714346603
2014-02-07,-0.7001130859776933
2014-02-10,-0.14086960566903556
2014-02-11,-1.1427777091636782
2014-02-12,0.21407504598078125
2014-02-13,0.08643289406061426
2014-02-14,-0.413473107188834
2014-02-17,-0.28927988176248737
2014-02-18,-0.3233436902839745
2014-02-19,0.07999817639241262
2014-02-20,0.6612232150812767
2014-02-21,-0.6944835322881069
2014-02-24,-0.5400926133911849
2014-02-25,0.035618777869559866
2014-02-26,0.5690791258717635
2014-02-27,0.01254038796140611
2014-02-28,-0.9791966173098587
2014-03-03,1.844311980500791
2014-03-04,-1.2828700698991216
2014-03-05,-0.028161352439189154
2014-03-06,-0.21517164767407507
2014-03-07,0.12234874492998185
2014-03-10,0.5502944116891727
2014-03-11,0.06622168027150388
2014-03-12,0.49601383083255945
2014-03-13,1.3869157746942438
2014-03-14,-0.030459819071088825
2014-03-17,-1.4164771224698007
2014-03-18,-0.9951496924645092
2014-03-19,-0.39437075052911374
2014-03-20,4.421222667897003
2014-03-21,-0.9302754734906354
2014-03-24,0.34458037381477796
2014-03-25,0.1338221272012488
2014-03-26,-0.32438509453844677
2014-03-27,0.07307631330576082
2014-03-28,-0.7400443518430345
2014-03-31,-0.6713479259334866
2014-04-01,-1.1973200402906274
2014-04-02,-0.23301204587809182
2014-04-03,-0.37031079035242154
2014-04-04,-1.00384759548194
2014-04-07,0.3383865827636909
2014-04-08,0.37147914955516625
2014-04-09,-0.23948480905314565
2014-04-10,0.11400760005538534
2014-04-11,1.1575166214388
2014-04-14,-0.6223321036351847
2014-04-15,1.0035129192181411
2014-04-16,-1.195456902134611
2014-04-17,0.07164916342667259
2014-04-18,-0.0009099586971600704
2014-04-21,-0.0009099586971600704
2014-04-22,-0.9943642581990404
2014-04-23,0.5409687767857742
2014-04-24,0.19599840627547013
2014-04-25,0.832934535937903
2014-04-28,-0.5529191981490931
2014-04-29,-0.3696044964133924
2014-04-30,-0.4340755943084108
2014-05-01,-0.35070032051372163
2014-05-02,-0.17486669808887736
2014-05-05,-0.0009099586971600704
2014-05-06,0.34141498139112314
2014-05-07,-0.627316618630571
2014-05-08,-1.0740947804366632
2014-05-09,0.4141818256550324
2014-05-12,-0.36689198337851353
2014-05-13,-0.15832251470862163
2014-05-14,0.16631567086940277
2014-05-15,2.107531601696364
2014-05-16,-0.7403728049127959
2014-05-19,0.14926807958830188
2014-05-20,0.9041236615324689
2014-05-21,-0.3949241547198035
2014-05-22,-0.39508264946623556
2014-05-23,-0.49450800674343093
2014-05-26,-0.0009099586971600704
2014-05-27,-1.0600234122171832
2014-05-28,-0.2464968986439474
2014-05-29,0.13193690322329849
2014-05-30,-0.252299474273069
2014-06-02,-0.2891817287033605
2014-06-03,-0.21126261028461724
2014-06-04,-0.15704623289308506
2014-06-05,-1.8444086979798613
2014-06-06,-1.6726068409486892
2014-06-09,-0.7173617182866027
2014-06-10,0.6479831923281296
2014-06-11,0.7070773817701402
2014-06-12,0.41007830189030353
2014-06-13,-0.08269382646222125
2014-06-16,0.7492027261309433
2014-06-17,-0.3064237330311024
2014-06-18,-0.4182247588603058
2014-06-19,-1.4851222051195725
2014-06-20,0.4751350102775283
2014-06-23,0.04968466305030268
2014-06-24,0.01593746728986442
2014-06-25,0.5336578930505161
2014-06-26,0.4978428258424521
2014-06-27,0.4742444586104914
2014-06-30,0.7462564511358366
2014-07-01,-1.2558814709167039
2014-07-02,-0.6442283941678945
2014-07-03,-1.5941124390251886
2014-07-04,0.4737934462746661
2014-07-07,0.9282343498676753
2014-07-08,1.4038284307458482
2014-07-09,0.28139879271331203
2014-07-10,0.4468022035829615
2014-07-11,-0.4062212071873858
2014-07-14,-0.9031297751395475
2014-07-15,0.880116299795413
2014-07-16,-0.7406621120305442
2014-07-17,0.8816318429264712
2014-07-18,-0.31374630920457697
2014-07-21,0.8509656394453089
2014-07-22,-0.9702097284381196
2014-07-23,-0.24242229063064108
2014-07-24,-0.17374802252473515
2014-07-25,0.6956107661734023
2014-07-28,-0.06458386218338093
2014-07-29,0.16861130817306907
2014-07-30,0.07825046281113113
2014-07-31,1.5783636577079359
2014-08-01,1.288850279656976
2014-08-04,-0.2285521577208701
2014-08-05,-0.70843816982722
2014-08-06,0.6823071106075488
2014-08-07,1.667754433993926
2014-08-08,-0.03790016556178835
2014-08-11,-1.7056266239357896
2014-08-12,0.29028236257939005
2014-08-13,-1.1816310866251665
2014-08-14,-0.8690730960352337
2014-08-15,1.057075967292704
2014-08-18,-2.3070734338845607
2014-08-19,-0.5454032714562093
2014-08-20,0.0371221500245335
2014-08-21,-0.5484854247514802
2014-08-22,0.34513382122097935
2014-08-25,-0.0009099586971600704
2014-08-26,-1.694200840074567
2014-08-27,0.5073184714580828
2014-08-28,0.9208341378005065
2014-08-29,0.31699948877716555
2014-09-01,0.08624593923608961
2014-09-02,-0.5993291168994793
2014-09-03,-0.6274694971666774
2014-09-04,-1.1682086230011945
2014-09-05,-0.15348399603947616
2014-09-08,0.2860402786482573
2014-09-09,1.1109946994554925
2014-09-10,0.4523369467551579
2014-09-11,0.27575636742834286
2014-09-12,-0.13341657159479375
2014-09-15,1.0497079679203245
2014-09-16,0.13273467538911743
2014-09-17,-1.2294614418180554
2014-09-18,-0.9052691172022104
2014-09-19,-0.5755323281167702
2014-09-22,0.7554711939656445
2014-09-23,1.0743271206826148
2014-09-24,-0.37017054550288647
2014-09-25,1.3614208290042091
2014-09-26,1.0452460212698858
2014-09-29,1.6599038107058077
2014-09-30,-1.8682843278008128
2014-10-01,-0.02163824283267825
2014-10-02,0.9744319683896676
2014-10-03,-2.6351029783045834
2014-10-06,2.713676740266239
2014-10-07,1.2735966621868402
2014-10-08,-0.025048157222801373
2014-10-09,-0.15581943735814485
2014-10-10,1.1667597682563062
2014-10-13,0.36222239965589353
2014-10-14,-0.3172600349610196
2014-10-15,2.5474122757631847
2014-10-16,0.9071339125848149
2014-10-17,-2.403946041713945
2014-10-20,0.8611240300923215
2014-10-21,-2.3729222823031866
2014-10-22,-0.4736698868241665
2014-10-23,-0.51970803845316
2014-10-24,-0.040032614557107556
2014-10-27,0.6626630799513075
2014-10-28,-0.5911665193552922
2014-10-29,0.198650530103798
2014-10-30,0.30817580503376046
2014-10-31,-1.31024416053417
2014-11-03,0.337581140968927
2014-11-04,0.3585975548569318
2014-11-05,-0.33071879453401587
2014-11-06,-0.9038642202682606
2014-11-07,0.3833946856126061
2014-11-10,-0.9237330833129751
2014-11-11,-0.18241284166770144
2014-11-12,0.581483247366344
2014-11-13,-0.21616072488852237
2014-11-14,-0.06267233603024482
2014-11-17,0.0608524186359242
2014-11-18,0.5598542362565972
2014-11-19,0.009196928575907077
2014-11-20,-0.10212022318417976
2014-11-21,-1.6219178416684799
2014-11-24,-0.9412477404257642
2014-11-25,-0.017363110365977315
2014-11-26,-0.03933299490512454
2014-11-27,-0.700389233479782
2014-11-28,-0.1696901156693645
2014-12-01,0.2743137448739003
2014-12-02,-0.6905225060702751
2014-12-03,-0.24749213942213408
2014-12-04,0.8288412228020775
2014-12-05,-1.5347189464250313
2014-12-08,0.7836355277111993
2014-12-09,1.3047205674558
2014-12-10,0.6219692521221588
2014-12-11,-0.03339782450823852
2014-12-12,2.7407638859752863
2014-12-15,1.8056157221681997
2014-12-16,-0.30384266137150584
2014-12-17,-2.06709883496937
2014-12-18,-0.972894614295645
2014-12-19,-0.28929773495486716
2014-12-22,-0.7790681374206061
2014-12-23,-1.0144083446464025
2014-12-24,-0.07890605614127814
2014-12-25,-0.0009099586971600704
2014-12-26,-0.0009099586971600704
2014-12-29,1.0690012889092102
2014-12-30,1.2278625192899215
2014-12-31,0.1443037713190317
2015-01-01,-0.0009099586971600704
2015-01-02,-1.3910929835186512
2015-01-05,1.95356981008424
2015-01-06,1.1630347499098248
2015-01-07,-0.9519486974872986
2015-01-08,-1.526623653635505
2015-01-09,0.9693549682390529
2015-01-12,-0.6812470297683014
2015-01-13,-0.4553960427958937
2015-01-14,0.5479038865472105
2015-01-15,-1.0322383484557955
2015-01-16,-0.33205927213429487
2015-01-19,-0.6178279088833077
2015-01-20,-0.2185018270130613
2015-01-21,-0.9494454738458018
2015-01-22,-1.0492404372988724
2015-01-23,-0.6258595330727802
2015-01-26,-0.9864113987153161
2015-01-27,1.1479938546774087
2015-01-28,0.9392047129226724
2015-01-29,1.1061529580584506
2015-01-30,1.288457163269967
2015-02-02,-0.5670548486630616
2015-02-03,-1.5508821772223835
2015-02-04,0.19619562797329357
2015-02-05,-0.5311567558108723
2015-02-06,0.23322939559192174
2015-02-09,1.813978722987689
2015-02-10,-0.6021995866437552
2015-02-11,0.649989709598727
2015-02-12,-0.45572899198977385
2015-02-13,-0.9645550621056436
2015-02-16,0.901236890519867
2015-02-17,-0.1636004587953406
2015-02-18,-1.9237455799716727
2015-02-19,-0.4514634405306059
2015-02-20,0.06556246426162883
2015-02-23,-1.174837393367458
2015-02-24,-0.7158882987388616
2015-02-25,0.10766115566093606
2015-02-26,-1.2950865500749922
2015-02-27,0.3816254863171574
2015-03-02,0.5000958828197289
2015-03-03,0.26274845321812207
2015-03-04,-0.4199010587693407
2015-03-05,-1.4875577236440518
2015-03-06,0.5111299129212247
2015-03-09,0.5032055399165185
2015-03-10,0.6507320444241353
2015-03-11,-0.771244593859284
2015-03-12,0.1441001843044129
2015-03-13,0.07135375383067181
2015-03-16,0.13660445716954525
2015-03-17,0.36944335809366513
2015-03-18,0.777902110714518
2015-03-19,0.24417760615673545
2015-03-20,1.7243660551404745
2015-03-23,1.1253783191806248
2015-03-24,-0.451415507781079
2015-03-25,0.3289172401710454
2015-03-26,-0.6228346799009873
2015-03-27,0.4072971052833947
2015-03-30,-0.012502306655729444
2015-03-31,0.11482829565802499
2015-04-01,0.1604358386629288
2015-04-02,0.23962012356106688
2015-04-03,-0.0009099586971600704
2015-04-06,-0.0009099586971600704
2015-04-07,-0.9444931383530603
2015-04-08,0.209853161026163
2015-04-09,-0.5303969222469705
2015-04-10,-1.1723897709504965
2015-04-13,0.19524869154707886
2015-04-14,1.0632588738664097
2015-04-15,-0.3517842498681776
2015-04-16,1.9147647414333984
2015-04-17,2.0897701470729033
2015-04-20,0.34619000444277803
2015-04-21,-0.3850414291851939
2015-04-22,-0.793880960791174
2015-04-23,0.226090941959288
2015-04-24,0.6390811068879442
2015-04-27,-1.3542198178186675
2015-04-28,0.29502459026004174
2015-04-29,0.8232593625018834
2015-04-30,-0.4346361479434295
2015-05-01,-0.2118188716966726
2015-05-04,-0.0009099586971600704
2015-05-05,1.1870416388543774
2015-05-06,0.3787444245479748
2015-05-07,-0.26046908037472005
2015-05-08,-1.608732606727832
2015-05-11,0.3963781188245886
2015-05-12,0.7159826068744056
2015-05-13,-0.01149468581541004
2015-05-14,-0.42178183617199133
2015-05-15,-0.40013867380746637
2015-05-18,0.47330119068541493
2015-05-19,-0.5675310918134461
2015-05-20,0.015416746558065025
2015-05-21,-0.34000281929012294
2015-05-22,1.0698621600805933
2015-05-25,-0.0009099586971600704
2015-05-26,1.1797575112919394
2015-05-27,-0.800770394305322
2015-05-28,0.8143387918589224
2015-05-29,1.2664269918491473
2015-06-01,0.3523109441706189
2015-06-02,-0.6613929663039252
2015-06-03,-0.39666804405219613
2015-06-04,0.2201052124495061
2015-06-05,1.1596024171545105
2015-06-08,0.6779491615272661
2015-06-09,0.2160026669875266
2015-06-10,-1.491443615590716
2015-06-11,0.3416735503784434
2015-06-12,0.8068828103487491
2015-06-15,1.8499133837732378
2015-06-16,0.41814642376295974
2015-06-17,1.0366098835920845
2015-06-18,0.14037414461022069
2015-06-19,-0.504616049979075
2015-06-22,-3.743944952038423
2015-06-23,-0.39753782627150064
2015-06-24,0.878812888281662
2015-06-25,-0.4110823703296807
2015-06-26,-0.2593036451437498
2015-06-29,4.605987692885393
2015-06-30,-0.6272793992329738
2015-07-01,-0.750184913522343
2015-07-02,-0.3216241334350934
2015-07-03,0.9953566530592245
2015-07-06,1.7115953712349252
2015-07-07,0.9289830267486012
2015-07-08,-0.537742399250484
2015-07-09,-2.0414178981359705
2015-07-10,-3.3281928356037884
2015-07-13,-1.5890253486870198
2015-07-14,0.17997619285192598
2015-07-15,-0.16164797450584803
2015-07-16,-1.7330416391310335
2015-07-17,-0.709545956208899
2015-07-20,-0.5868669575917772
2015-07-21,0.5415998881482884
2015-07-22,0.6767414686021271
2015-07-23,0.00973356285474281
2015-07-24,0.5635072423795183
2015-07-27,1.1701108891965326
2015-07-28,-0.32029518595991524
2015-07-29,-0.654428627088318
2015-07-30,0.5045309525162631
2015-07-31,-0.7253925040452678
2015-08-03,0.2389161696311386
2015-08-04,0.32985090867534705
2015-08-05,-0.2797675368543064
2015-08-06,0.7476084371997979
2015-08-07,0.7753658575222171
2015-08-10,-0.9856551345631345
2015-08-11,1.2352627792088187
2015-08-12,1.2468277639888468
2015-08-13,-0.6549520295006297
2015-08-14,0.10020082321796998
2015-08-17,-0.4510884973925472
2015-08-18,0.290238984626366
2015-08-19,0.9559023047429545
2015-08-20,0.5064404728503016
2015-08-21,1.3515612459115667
2015-08-24,1.9884986024966127
2015-08-25,-1.9947495200228766
2015-08-26,0.20229477964386483
2015-08-27,-1.49216926710382
2015-08-28,0.4068205977025024
2015-08-31,-0.0009099586971600704
2015-09-01,1.275809531630387
2015-09-02,-0.21612686421016147
2015-09-03,-0.9669460812356951
2015-09-04,0.7883785928247481
2015-09-07,-0.3841961947229051
2015-09-08,-0.7262279272476704
2015-09-09,-0.7990714788453258
2015-09-10,0.6778468129327285
2015-09-11,0.1414071473950111
2015-09-14,0.44494906157785385
2015-09-15,0.1703454028211271
2015-09-16,-0.8986622379441401
2015-09-17,-0.6118891645855615
2015-09-18,0.6977405871697909
2015-09-21,2.486765909699593
2015-09-22,2.078711557980567
2015-09-23,-0.5298660081424886
2015-09-24,2.3240223137046696
2015-09-25,-0.46280487033233497
2015-09-28,2.303091351119897
2015-09-29,0.2843951050867383
2015-09-30,-0.4658080312597213
2015-10-01,0.9573369683113475
2015-10-02,-0.536895595957763
2015-10-05,-1.723825819247403
2015-10-06,-0.8477388946819524
2015-10-07,-0.555762648218588
2015-10-08,0.018650780147872706
2015-10-09,-1.3870979668917196
2015-10-12,-0.7146853412544667
2015-10-13,0.7373421920147821
2015-10-14,0.6211142240394812
2015-10-15,-0.2136454031434139
2015-10-16,-0.5000369065244502
2015-10-19,-0.47874372921098357
2015-10-20,-0.10897908077569178
2015-10-21,-0.1469561150410207
2015-10-22,-1.5160769402174652
2015-10-23,-1.9322170730642372
2015-10-26,0.6343957413357043
2015-10-27,0.4203471476012637
2015-10-28,-0.4586599940830314
2015-10-29,-0.22992171059560063
2015-10-30,0.049610949789656696
2015-11-02,-0.20808363193244162
2015-11-03,-0.7389355898638325
2015-11-04,0.7186363088085294
2015-11-05,0.2063809032936076
2015-11-06,-0.019282490159830107
2015-11-09,0.703553784956949
2015-11-10,-0.07292766921416433
2015-11-11,-0.697741578781846
2015-11-12,1.1389971528308247
2015-11-13,0.37915225235449496
2015-11-16,0.2005733892319208
2015-11-17,-1.6717632443769472
2015-11-18,-0.3056919992318407
2015-11-19,0.3589819172065848
2015-11-20,-0.17113228017374438
2015-11-23,0.24264740975411483
2015-11-24,0.5303928487008692
2015-11-25,-0.8542796297187691
2015-11-26,-0.2841884340400324
2015-11-27,0.1015402963373402
2015-11-30,-0.2061337025743036
2015-12-01,-0.005589194131452789
2015-12-02,-0.23101981397146812
2015-12-03,1.7826184869978616
2015-12-04,0.030306620040481864
2015-12-07,-0.6173668043752388
2015-12-08,0.7090175319465062
2015-12-09,0.8717712946473387
2015-12-10,0.6926460843889852
2015-12-11,1.7433543710174138
2015-12-14,1.780371911922541
2015-12-15,-2.182131775343825
2015-12-16,-0.2252390689160491
2015-12-17,-0.36308119079765483
2015-12-18,0.844697868951747
2015-12-21,0.8429536357296987
2015-12-22,-0.4360341840196673
2015-12-23,-1.1437076228455383
2015-12-24,0.15133643788369072
2015-12-25,-0.0009099586971600704
2015-12-28,-0.0009099586971600704
2015-12-29,-0.6435075835858706
2015-12-30,-0.22779374198664354
2015-12-31,-0.059990550599101876
2016-01-01,-0.0009099586971600704
2016-01-04,1.694432574274665
2016-01-05,-0.6120664965753253
2016-01-06,0.7582672704220915
2016-01-07,0.5413841315650874
2016-01-08,1.0877099263960128
2016-01-11,-0.03889771509541494
2016-01-12,0.2527661448770241
2016-01-13,0.0593783128459875
2016-01-14,1.4639380628949081
2016-01-15,1.8935712455079712
2016-01-18,0.42080502738179537
2016-01-19,-0.45999855738880746
2016-01-20,0.9835315184009401
2016-01-21,-1.4027595928168146
2016-01-22,-0.7251269904893407
2016-01-25,0.25859327712241553
2016-01-26,-0.25689257874245186
2016-01-27,-0.17740853430048525
2016-01-28,0.5048390283304309
2016-01-29,-0.5668869748609641
2016-02-01,0.49179926608767505
2016-02-02,1.7003171230444605
2016-02-03,1.9922322082476005
2016-02-04,0.12979900541175307
2016-02-05,1.5960949674919336
2016-02-08,3.255315118117207
2016-02-09,-0.5677658654815606
2016-02-10,-0.6832962064400016
2016-02-11,2.335170551954287
2016-02-12,-1.9720062877143183
2016-02-15,-1.1339772092486278
2016-02-16,-0.11498641014614754
2016-02-17,-1.7075694838594997
2016-02-18,0.8283957262239072
2016-02-19,0.6211812704098338
2016-02-22,-1.3981614217549208
2016-02-23,-0.10627555212990093
2016-02-24,0.949977514086439
2016-02-25,-0.6486649873928428
2016-02-26,-1.8540313073029713
2016-02-29,-1.3404176921857973
2016-03-01,-1.1477580120449882
2016-03-02,0.029793345327849826
2016-03-03,0.06040996670588517
2016-03-04,-1.105118605870994
2016-03-07,-0.7992745833742847
2016-03-08,0.5784299995807812
2016-03-09,-0.29644494598994564
2016-03-10,-2.7304010700985772
2016-03-11,-6.610341897389237
2016-03-14,1.7520264644347798
2016-03-15,1.8037585422220177
2016-03-16,0.3686071761054706
2016-03-17,-2.4653338830099223
2016-03-18,-0.6403225866664419
2016-03-21,0.4878319381249112
2016-03-22,0.7857989998562838
2016-03-23,0.6185639721058179
2016-03-24,0.9621233820160628
2016-03-25,-0.0009099586971600704
2016-03-28,-0.0009099586971600704
2016-03-29,-0.1459131979104038
2016-03-30,-1.7210675566930775
2016-03-31,0.29960732963694825
2016-04-01,0.4337187827812464
2016-04-04,-0.2574382159409049
2016-04-05,1.5511693797499382
2016-04-06,0.08787774580381877
2016-04-07,1.8975687597048574
2016-04-08,-0.9793909196592381
2016-04-11,-0.42229804637255847
2016-04-12,-0.571376720617001
2016-04-13,-1.177105682474856
2016-04-14,-0.9354883314033473
2016-04-15,0.5630484356005556
2016-04-18,-0.9920511990262719
2016-04-19,-0.5080238963692664
2016-04-20,-0.02414923871528193
2016-04-21,-0.8439896261219368
2016-04-22,0.17990132966247463
2016-04-25,1.3559761557971173
2016-04-26,-0.13773946856521604
2016-04-27,-0.27169635041015794
2016-04-28,0.11410498114210876
2016-04-29,1.1096918407243834
2016-05-02,-0.0009099586971600704
2016-05-03,1.1245662557969593
2016-05-04,1.057933518132413
2016-05-05,0.13164158705178472
2016-05-06,0.37311210073909273
2016-05-09,-0.4950339182426472
2016-05-10,-0.9054062354857858
2016-05-11,0.09705852844061662
2016-05-12,0.3670240115101438
2016-05-13,-0.24573693085516032
2016-05-16,0.474392967936227
2016-05-17,0.011614680003674535
2016-05-18,-0.021787032679608118
2016-05-19,0.8442645757633777
2016-05-20,-0.7543252848210147
2016-05-23,0.09474455506266215
2016-05-24,-1.4140012867736529
2016-05-25,-1.5735322271105672
2016-05-26,-0.27514615748892923
2016-05-27,-0.09283748526303484
2016-05-30,-0.0009099586971600704
2016-05-31,0.772327207470743
2016-06-01,0.8114416075497689
2016-06-02,0.20014084474562674
2016-06-03,0.5435232841576599
2016-06-06,-1.2990794284522489
2016-06-07,-0.22912702905711463
2016-06-08,0.2985763809943876
2016-06-09,0.6379557376170913
2016-06-10,1.3368730110332236
2016-06-13,1.5886045219043254
2016-06-14,2.5044324703448724
2016-06-15,-0.6272902027413754
2016-06-16,0.1418290729693779
2016-06-17,-0.724775357404282
2016-06-20,-2.8296880652768457
2016-06-21,0.3524637167909166
2016-06-22,-0.5429274126588696
2016-06-23,-1.0345653711992095
2016-06-24,7.611507856758263
2016-06-27,1.3417605537963893
2016-06-28,-1.7549804942900635
2016-06-29,-2.864689045801346
2016-06-30,-0.7307936201648297
2016-07-01,-1.9170210660098335
2016-07-04,0.5425216671452233
2016-07-05,0.6172052611116219
2016-07-06,0.44137392528807606
2016-07-07,-0.3756736751025238
2016-07-08,-2.2809258897550557
2016-07-11,-0.5891690279060103
2016-07-12,-1.6813425702568365
2016-07-13,0.35301618618964375
2016-07-14,-0.8559567363291983
2016-07-15,0.49108488678575485
2016-07-18,-0.06943497678660307
2016-07-19,0.12233147329855426
2016-07-20,-0.9391351288760466
2016-07-21,-1.2483217927740866
2016-07-22,0.7265844662198034
2016-07-25,-0.18246380238559376
2016-07-26,0.24252283491438736
2016-07-27,0.541421381612524
2016-07-28,0.23209888475365334
2016-07-29,-1.1060365880480214
2016-08-01,-0.18396736176744588
2016-08-02,1.6015148174622946
2016-08-03,0.008286680951671701
2016-08-04,-1.075919193947664
2016-08-05,-1.0487533526629609
2016-08-08,-0.6201685407484849
2016-08-09,0.0040911156075586165
2016-08-10,1.0471931345675944
2016-08-11,-0.23905355924450114
2016-08-12,0.003967558332212328
2016-08-15,-0.5765938789164053
2016-08-16,-0.08043272610090739
2016-08-17,0.790571532152225
2016-08-18,-0.2691347481121958
2016-08-19,0.6487592391868066
2016-08-22,0.8612253613313473
2016-08-23,-1.0170166019439053
2016-08-24,-0.03951677497308709
2016-08-25,0.23004756364002246
2016-08-26,-0.4353073826821976
2016-08-29,-0.0009099586971600704
2016-08-30,0.13001860317759567
2016-08-31,0.44130632992014773
2016-09-01,0.4353833246485125
2016-09-02,-0.724923329171807
2016-09-05,-0.5693808250770737
2016-09-06,-0.350779340807049
2016-09-07,-0.24957145184231816
2016-09-08,0.03900365930904181
2016-09-09,1.4329895331461142
2016-09-12,0.7863276994752371
2016-09-13,0.649264380265781
2016-09-14,-0.725689534783018
2016-09-15,0.2548328948725983
2016-09-16,0.48182024013064123
2016-09-19,-1.1386140599016723
2016-09-20,2.346215922161264
2016-09-21,-0.36349124912062897
2016-09-22,-1.5442370316726002
2016-09-23,0.3699435976951363
2016-09-26,0.926087660560847
2016-09-27,0.5190841923951015
2016-09-28,-0.27098209256115413
2016-09-29,-0.13009445965925484
2016-09-30,-0.21586480472155292
2016-10-03,0.7189486334173818
2016-10-04,-0.30557369388973854
2016-10-05,0.05670873330473715
2016-10-06,0.0654467507839057
2016-10-07,0.030010306956022095
2016-10-10,-0.4230667784446974
2016-10-11,0.7244720282706303
2016-10-12,0.012209930351700371
2016-10-13,0.19960276880611622
2016-10-14,-0.5221831267419601
2016-10-17,-0.13365055566581605
2016-10-18,-0.39792004524581587
2016-10-19,-0.7453985479653984
2016-10-20,0.022041143090582725
2016-10-21,0.08615704832904243
2016-10-24,-0.4571493252852616
2016-10-25,0.633320099336615
2016-10-26,-0.060132192540804284
2016-10-27,0.2850919255736364
2016-10-28,0.28708305337412804
2016-10-31,0.13767659769767124
2016-11-01,0.7705635509150686
2016-11-02,0.3630062858083299
2016-11-03,-0.24740915726185836
2016-11-04,0.4731286643329869
2016-11-07,-1.0618923427327753
2016-11-08,-0.23600982352726596
2016-11-09,-0.11239784020010628
2016-11-10,0.7454237880094672
2016-11-11,1.700272690189373
2016-11-14,0.22620604761402205
2016-11-15,-0.7965161600334214
2016-11-16,0.7741146425231811
2016-11-17,0.15518503129150873
2016-11-18,0.9759945263213358
2016-11-21,-0.24040005169103812
2016-11-22,-0.5585123414531926
2016-11-23,0.7603710583945108
2016-11-24,-0.29284467451279905
2016-11-25,-0.02502135685189603
2016-11-28,0.4502178114999707
2016-11-29,-0.872829536256525
2016-11-30,-0.246170227019453
2016-12-01,-0.06662577454427378
2016-12-02,-0.5189301849437504
2016-12-05,0.028317945838697338
2016-12-06,-1.464843026111735
2016-12-07,-0.2462933971825873
2016-12-08,0.029864249940129595
2016-12-09,-0.5593435906586111
2016-12-12,-0.33339737067072345
2016-12-13,-0.6025548297853331
2016-12-14,0.7629094842768066
2016-12-15,0.2230014083656868
2016-12-16,-0.6818718521190281
2016-12-19,-0.0921806752306255
2016-12-20,-0.4240808015222321
2016-12-21,-0.30323844176664166
2016-12-22,0.3523053445792303
2016-12-23,-0.12131625628256151
2016-12-26,-0.0009099586971600704
2016-12-27,-0.0009099586971600704
2016-12-28,0.7557640404779502
2016-12-29,0.5474800709211377
2016-12-30,-0.4271369962802984
2017-01-02,-0.0009099586971600704
2017-01-03,-1.3752927761255795
2017-01-04,-0.6047309655948844
2017-01-05,0.19048011843812632
2017-01-06,0.032467996640500374
2017-01-09,0.2837924865653149
2017-01-10,0.05101664770749263
2017-01-11,0.29022919139327763
2017-01-12,0.4494251905420894
2017-01-13,-0.9126346320901763
2017-01-16,0.24472256626440314
2017-01-17,0.24755470758189585
2017-01-18,-0.25878785937773946
2017-01-19,-0.005617596167569687
2017-01-20,-0.09520586307383302
2017-01-23,0.6720056112726814
2017-01-24,-0.3309576365468183
2017-01-25,-0.6902930763717905
2017-01-26,0.707156553478646
2017-01-27,0.2270961680510181
2017-01-30,0.881946579377359
2017-01-31,0.589418341499853
2017-02-01,0.038952780219741835
2017-02-02,-0.7531792072255917
2017-02-03,-0.21451398586854756
2017-02-06,1.570161209850223
2017-02-07,0.43500568723193045
2017-02-08,-0.3630441519737501
2017-02-09,-0.6931714643893194
2017-02-10,0.6175700943425004
2017-02-13,-0.7525103335773289
2017-02-14,-0.10333856734800305
2017-02-15,-0.69516161775778
2017-02-16,0.7423694816126826
2017-02-17,0.3402337646803466
2017-02-20,-0.0935954010557954
2017-02-21,-0.07613466863889098
2017-02-22,0.3340492644155565
2017-02-23,-0.1283172861574927
2017-02-24,0.4406811592752319
2017-02-27,-0.3809318719112639
2017-02-28,-0.5503296318107842
2017-03-01,-0.9208602233342431
2017-03-02,-0.4451776423669625
2017-03-03,-0.24410905904078334
2017-03-06,0.6267491019327825
2017-03-07,0.2559446325536729
2017-03-08,0.2312619931221284
2017-03-09,-0.20568151852951227
2017-03-10,0.2083974916138405
2017-03-13,0.2970708897792997
2017-03-14,0.6663501074988641
2017-03-15,-0.7626867676559407
2017-03-16,-0.785545787229914
2017-03-17,-0.3723979183765929
2017-03-20,3.0293880861009512
2017-03-21,-0.047752174967981564
2017-03-22,0.21146853138036567
2017-03-23,-0.607719927930189
2017-03-24,-0.1652314145385745
2017-03-27,-0.17913878715169498
2017-03-28,-0.5105146474253156
2017-03-29,0.4170277421259753
2017-03-30,-0.07092502578056623
2017-03-31,-0.3178535150475007
2017-04-03,0.5865077430109028
2017-04-04,0.26302777308256503
2017-04-05,-0.2170940374096672
2017-04-06,-0.33228235239891296
2017-04-07,-0.005292669422883377
2017-04-10,0.5983977927234856
2017-04-11,0.4520550635936827
2017-04-12,0.028782273574007308
2017-04-13,-0.06456934464027894
2017-04-14,-0.0009099586971600704
2017-04-17,-0.0009099586971600704
2017-04-18,0.18124844421270933
2017-04-19,-0.6451257175531835
2017-04-20,-0.351805604040146
2017-04-21,-0.21064587792107398
2017-04-24,-2.896290794662287
2017-04-25,-0.7962773825710582
2017-04-26,0.3846493100998747
2017-04-27,-0.11756002935193
2017-04-28,-0.16688258095179387
2017-05-01,-0.0009099586971600704
2017-05-02,-0.44437540224518746
2017-05-03,-0.22492740518355173
2017-05-04,-0.4992392700307933
2017-05-05,-0.3579222718425579
2017-05-08,-0.28936406617097415
2017-05-09,-0.3285036427412396
2017-05-10,-0.07415813666647068
2017-05-11,0.08278881205341167
2017-05-12,0.4504759811274107
2017-05-15,-0.42096422176846393
2017-05-16,-0.30505267854454865
2017-05-17,0.8672402142660195
2017-05-18,0.6441506730673093
2017-05-19,-0.8414901952953963
2017-05-22,-0.25477213795854275
2017-05-23,-0.3249849744283008
2017-05-24,0.18765495234378995
2017-05-25,-0.5061958618808772
2017-05-26,0.03619989671823726
2017-05-29,-0.0009099586971600704
2017-05-30,0.4411417012567848
2017-05-31,0.040879011010712805
2017-06-01,0.00952891254096241
2017-06-02,-0.32608072199989935
2017-06-05,0.31382193336745395
2017-06-06,-0.06884428450788734
2017-06-07,-0.3532975604202166
2017-06-08,-0.8418998723227769
2017-06-09,-0.6642082971977378
2017-06-12,-0.26224128757126264
2017-06-13,-0.6892086330103744
2017-06-14,-0.40827578141545257
2017-06-15,0.43495249554700177
2017-06-16,0.15821211761657977
2017-06-19,-1.0903824705145868
2017-06-20,0.03424238005928352
2017-06-21,-0.1064809826034371
2017-06-22,-0.8399378265829354
2017-06-23,-0.34023070839698016
2017-06-26,-0.049674185498285096
2017-06-27,0.7528140288485815
2017-06-28,-0.20420226907966563
2017-06-29,0.9623607891537432
2017-06-30,0.08631984640555694
2017-07-03,-0.6757187797547721
2017-07-04,0.028722079569074195
2017-07-05,0.15274361591744992
2017-07-06,0.43830340207491936
2017-07-07,0.7466399996273948
2017-07-10,-0.47620770917006433
2017-07-11,-0.035539122929168436
2017-07-12,-0.6600636534789885
2017-07-13,-0.5595813348063479
2017-07-14,0.08290610737241189
2017-07-17,-0.7080935353555672
2017-07-18,-0.3263812992822969
2017-07-19,-0.11219132590101571
2017-07-20,-0.25581237482717256
2017-07-21,-0.31449052259857924
2017-07-24,0.5551849255699077
2017-07-25,-0.36222956499087683
2017-07-26,-0.55051696062941
2017-07-27,-0.05829873282018668
2017-07-28,0.5810188692801941
2017-07-31,0.37308378691941546
2017-08-01,-0.14999258697282583
2017-08-02,-0.44598362305971584
2017-08-03,-0.007222234159173019
2017-08-04,0.08105436722628
2017-08-07,0.25625020893059924
2017-08-08,0.4026675531557602
2017-08-09,1.346859111787315
2017-08-10,1.5596357858846104
2017-08-11,-0.01784497203403467
2017-08-14,-0.8474941506795902
2017-08-15,0.10323594769945456
2017-08-16,-0.6720914930093903
2017-08-17,0.8833092601830865
2017-08-18,0.9882416111218392
2017-08-21,-0.14039162004274358
2017-08-22,-0.553511188541561
2017-08-23,0.35540808971617954
2017-08-24,-0.6657766849490118
2017-08-25,-0.42853944733450594
2017-08-28,-0.0009099586971600704
2017-08-29,0.8204600375753479
2017-08-30,-0.613542696181412
2017-08-31,-0.8440065580706734
2017-09-01,-0.9212736652149336
2017-09-04,0.8363100447278154
2017-09-05,-0.1678367382926633
2017-09-06,-0.34339145949925154
2017-09-07,-0.39590450700461366
2017-09-08,0.09066867181963897
2017-09-11,-0.8971437273661831
2017-09-12,-0.08876263454056471
2017-09-13,-0.2849091196003305
2017-09-14,-0.1533947189214422
2017-09-15,-0.3595084013659374
2017-09-18,-0.24002548623092118
2017-09-19,-0.4055673043374477
2017-09-20,4.643010223060272
2017-09-21,-0.0009099586971600704
2017-09-22,1.0359572805429043
2017-09-25,-0.1501950252649795
2017-09-26,-0.2568338850726647
2017-09-27,-0.43951675756134506
2017-09-28,0.1572189800790911
2017-09-29,-0.6668222369705846
2017-10-02,-0.6572427991720282
2017-10-03,-0.024387074970911516
2017-10-04,0.7879697009695943
2017-10-05,-0.8603226609047911
2017-10-06,0.8527713284486564
2017-10-09,0.10781485914348946
2017-10-10,-0.5365825833332446
2017-10-11,-0.4865378637323632
2017-10-12,0.46729066241646167
2017-10-13,-0.36905332232861116
2017-10-16,0.016715344692417783
2017-10-17,-0.2722182229438599
2017-10-18,0.010933159928037294
2017-10-19,0.7713664525825461
2017-10-20,-0.7909526629832925
2017-10-23,-0.3522974683942956
2017-10-24,-0.04884888923282246
2017-10-25,0.5815359083808591
2017-10-26,-1.4893591851926546
2017-10-27,-0.9074653718125123
2017-10-30,-0.49277856512934753
2017-10-31,-0.3763753338471783
2017-11-01,-0.20337866466671176
2017-11-02,0.11680567905548819
2017-11-03,-0.3619408297819172
2017-11-06,0.06503034199783511
2017-11-07,0.6124901289932193
2017-11-08,0.7720480036847792
2017-11-09,0.6057556031285639
2017-11-10,-0.38110069803922614
2017-11-13,-0.06366185138377317
2017-11-14,0.5101219088814776
2017-11-15,0.4107698255710714
2017-11-16,-0.8107550965578104
2017-11-17,-0.33436499286567367
2017-11-20,-0.5300699041359914
2017-11-21,-0.5714969543979695
2017-11-22,-0.5616999668566384
2017-11-23,0.15841131632815672
2017-11-24,-0.04729822448365801
2017-11-27,0.3355587276955091
2017-11-28,-0.44365768690284046
2017-11-29,-0.368911686704933
2017-11-30,-0.3255080102510701
2017-12-01,0.23609501774579977
2017-12-04,-0.7378592195739719
2017-12-05,0.033578660109318946
2017-12-06,0.9234440823828727
2017-12-07,-0.3986993059564949
2017-12-08,-0.48613645227492713
2017-12-11,-0.02846292918725878
2017-12-12,0.04041076238664319
2017-12-13,0.30051761516714837
2017-12-14,0.1962440241626044
2017-12-15,0.1748399868116706
2017-12-18,-0.6614795268767035
2017-12-19,-0.007790198963477099
2017-12-20,-0.3537432624633362
2017-12-21,-0.8108246022039763
2017-12-22,-0.21554612347455834
2017-12-25,-0.0009099586971600704
2017-12-26,-0.0009099586971600704
2017-12-27,-0.5729787451570251
2017-12-28,-0.14734534766954524
2017-12-29,0.5304253188230847
2018-01-01,-0.0009099586971600704
2018-01-02,0.11439811717541214
2018-01-03,-0.7136646160497995
2018-01-04,-0.5571186471434978
2018-01-05,0.014046192814337695
2018-01-08,0.2003288532381448
2018-01-09,0.1399609677973792
2018-01-10,0.6074288567042777
2018-01-11,-0.3439946716337686
2018-01-12,-0.11117012519067691
2018-01-15,0.16067750754112717
2018-01-16,-0.15513512466231696
2018-01-17,-0.023001853351851415
2018-01-18,0.6192974383222172
2018-01-19,-0.30588964783027073
2018-01-22,-0.5749896155318769
2018-01-23,-0.20201073009924042
2018-01-24,0.15560892059123432
2018-01-25,-0.2546997191440271
2018-01-26,-0.4156851790638582
2018-01-29,0.27870117803020883
2018-01-30,0.77975555126439
2018-01-31,-0.48196887351065004
2018-02-01,0.06612344252304604
2018-02-02,1.0460737778414508
2018-02-05,1.0623207643326575
2018-02-06,1.961187263660676
2018-02-07,-1.3618699017830749
2018-02-08,2.3813182707566174
2018-02-09,2.9012480893023675
2018-02-12,-1.1864300764938656
2018-02-13,1.727242369760027
2018-02-14,-1.2318235222066842
2018-02-15,-1.0951919467497704
2018-02-16,-1.1014199094129045
2018-02-19,0.4412559964499139
2018-02-20,0.24286080369265264
2018-02-21,-0.4397570154865586
2018-02-22,1.4555897810994758
2018-02-23,1.6007615220012772
2018-02-26,-2.1013045470485765
2018-02-27,-0.31498732679726865
2018-02-28,-0.12490895662110663
2018-03-01,0.5534056988522161
2018-03-02,0.7238028559352915
2018-03-05,-0.2527295252550071
2018-03-06,-1.0840727814626656
2018-03-07,0.3272213654233829
2018-03-08,-0.6102617122074977
2018-03-09,-1.040372349829836
2018-03-12,-1.0478611329003849
2018-03-13,0.2058705902875289
2018-03-14,0.9298532882564386
2018-03-15,-0.11743252999629074
2018-03-16,-0.5238912489903531
2018-03-19,1.0240193904015091
2018-03-20,4.611959040573156
2018-03-21,-0.34078208196439774
2018-03-22,0.8121810912234676
2018-03-23,0.7710464804581548
2018-03-26,0.49148921956409625
2018-03-27,-0.8095949012780229
2018-03-28,0.6339034162271481
2018-03-29,-1.0640916035231807
2018-03-30,-0.0009099586971600704
2018-04-02,-0.0009099586971600704
2018-04-03,0.4328447514681315
2018-04-04,-0.14665739387693363
2018-04-05,-1.4331689741733693
2018-04-06,0.17949616483969294
2018-04-09,-0.1191887167836193
2018-04-10,-0.3868816854901233
2018-04-11,0.1528913990421902
2018-04-12,-0.672691270862331
2018-04-13,-0.6335580982167249
2018-04-16,-0.8033370505720121
2018-04-17,-0.6994869014231211
2018-04-18,0.4725738473406222
2018-04-19,0.6817145962063219
2018-04-20,0.23733939315745167
2018-04-23,0.16483379843878923
2018-04-24,0.19922310890425562
2018-04-25,0.5172191438734921
2018-04-26,-1.0574727650284468
2018-04-27,-0.0905234881715428
2018-04-30,-0.08477226391272383
2018-05-01,0.5580673860796945
2018-05-02,-0.1901252152495683
2018-05-03,1.0091876494534138
2018-05-04,-0.4000342490852278
2018-05-07,-0.0009099586971600704
2018-05-08,0.4269472412188416
2018-05-09,-0.14482862268716037
2018-05-10,-0.8306550230571675
2018-05-11,-0.38789108530085725
2018-05-14,-0.07886093311762885
2018-05-15,0.5467735865537057
2018-05-16,0.7172234686917683
2018-05-17,0.016409225097515114
2018-05-18,0.8872299205377675
2018-05-21,1.0762593174957376
2018-05-22,-0.284690253346143
2018-05-23,1.103781457097356
2018-05-24,0.6183757618237642
2018-05-25,1.3433988563983348
2018-05-28,-0.0009099586971600704
2018-05-29,3.2169479904808607
2018-05-30,-1.593840607714078
2018-05-31,0.5123073087415232
2018-06-01,-1.2096262406987268
2018-06-04,-1.1204525762822324
2018-06-05,1.1622365141052626
2018-06-06,1.1642024680870589
2018-06-07,1.5454433217891659
2018-06-08,0.6081418771166139
2018-06-11,-1.5042021299767336
2018-06-12,0.37694114897951386
2018-06-13,-1.3359468171516558
2018-06-14,-1.6003648835991173
2018-06-15,-0.07528665000933119
2018-06-18,1.1452531746825418
2018-06-19,0.27587472010800346
2018-06-20,-0.4073493277750649
2018-06-21,1.4529409336559107
2018-06-22,-0.05617562571268859
2018-06-25,1.127068949930077
2018-06-26,0.4676687177471967
2018-06-27,-0.18576775674040807
2018-06-28,0.8271151603654581
2018-06-29,-1.03705124529616
2018-07-02,0.8236938575015704
2018-07-03,-0.5776968133900164
2018-07-04,-0.5029203317915124
2018-07-05,-0.5244238172742454
2018-07-06,-0.9799733723193639
2018-07-09,-0.8414968801732793
2018-07-10,-0.5148975094006584
2018-07-11,0.5947601270463315
2018-07-12,-0.5672688570222201
2018-07-13,-0.8518032211749609
2018-07-16,-0.7000473155545869
2018-07-17,0.1115570304941152
2018-07-18,0.1162554566422499
2018-07-19,0.7629824376777685
2018-07-20,0.12798032252260086
2018-07-23,-0.18946050827854988
2018-07-24,-0.9757680438210807
2018-07-25,-0.3670063038739557
2018-07-26,-1.5187454055987926
2018-07-27,0.6232653492739088
2018-07-30,0.892750180233403
2018-07-31,-1.103090366400002
2018-08-01,0.47829200909951397
2018-08-02,0.859726455509914
2018-08-03,0.5148998687219174
2018-08-06,0.3117269364903702
2018-08-07,-0.7265655028556715
2018-08-08,0.0708513549637072
2018-08-09,0.15233400004536
2018-08-10,1.9715083585944129
2018-08-13,0.724842391630543
2018-08-14,-0.35465082822082517
2018-08-15,1.2823387881083188
2018-08-16,-0.40921475807356816
2018-08-17,0.2153492406791777
2018-08-20,-0.1387819086766961
2018-08-21,-1.2208954519747113
2018-08-22,-0.7065572291880408
2018-08-23,0.03815405128473576
2018-08-24,-0.3936742940398551
2018-08-27,-0.0009099586971600704
2018-08-28,-0.45351350920644873
2018-08-29,0.32797715969836416
2018-08-30,0.802230179437376
2018-08-31,0.5459284914546646
2018-09-03,-0.08664490416189263
2018-09-04,-0.1778547385726251
2018-09-05,-0.9694320358230266
2018-09-06,-0.33358434274333904
2018-09-07,-0.6053713558306534
2018-09-10,-1.3609733930041006
2018-09-11,-0.09646754898965966
2018-09-12,0.1052478586396754
2018-09-13,-0.713446904875056
2018-09-14,-0.27286426346172105
2018-09-17,0.33597692056428163
2018-09-18,-0.3869906516170066
2018-09-19,0.2877232702321378
2018-09-20,3.9896709232094523
2018-09-21,0.2046985608570084
2018-09-24,0.6222733459485255
2018-09-25,-0.11333283963974503
2018-09-26,-0.8518645925582772
2018-09-27,-0.2717610893871666
2018-09-28,0.5958326388168866
2018-10-01,-0.5491208168707915
2018-10-02,0.884126053989942
2018-10-03,-0.6973600665819738
2018-10-04,0.2918856975121275
2018-10-05,0.4922931930796825
2018-10-08,1.0822293831538399
2018-10-09,-0.23392860693781795
2018-10-10,0.29578407478397334
2018-10-11,1.3083015462468282
2018-10-12,-0.4005481718028555
2018-10-15,0.2368290152973504
2018-10-16,-0.7642709887520983
2018-10-17,0.2985763809943876
2018-10-18,0.8510464612780994
2018-10-19,-0.5825738202160977
2018-10-22,-0.1956493819614988
2018-10-23,1.0517329350173834
2018-10-24,0.14917355694144926
2018-10-25,-0.30177168570427326
2018-10-26,0.8345979600124
2018-10-29,-0.8364178774067187
2018-10-30,0.23142795146634076
2018-10-31,-0.8170514652693176
2018-11-01,-0.9464573760724073
2018-11-02,-0.6776644538193083
2018-11-05,-0.32129459855259174
2018-11-06,-0.11309086137155755
2018-11-07,-1.1444937401486188
2018-11-08,0.38955484098490967
2018-11-09,0.8270392008061391
2018-11-12,0.9565555303811923
2018-11-13,-0.42093732871226897
2018-11-14,0.9500394812555253
2018-11-15,1.3197404665640593
2018-11-16,0.5641395085668998
2018-11-19,0.9086684751249419
2018-11-20,0.4344267178555366
2018-11-21,-1.1903579691248107
2018-11-22,0.8350160544286305
2018-11-23,0.36069403775788245
2018-11-26,-0.8565130207504623
2018-11-27,0.5991419094321159
2018-11-28,0.14941851571541015
2018-11-29,-0.3104473971204159
2018-11-30,0.4864980987030515
2018-12-03,-0.7719158356576683
2018-12-04,1.12693747928886
2018-12-05,0.2176716408374061
2018-12-06,1.9440696695045878
2018-12-07,-0.797890863575849
2018-12-10,1.0821235686102118
2018-12-11,-0.8895138177318022
2018-12-12,-1.8744452005587968
2018-12-13,-0.5653889771351416
2018-12-14,0.44660484998108396
2018-12-17,0.42857950179385446
2018-12-18,0.17010604841915283
2018-12-19,-0.07238883091799392
2018-12-20,1.774527272655049
2018-12-21,1.15657803367587
2018-12-24,0.7993630550158841
2018-12-25,-0.0009099586971600704
2018-12-26,-0.0009099586971600704
2018-12-27,-0.029281868967456402
2018-12-28,-0.7183598920199064
2018-12-31,-0.6345111419615206
2019-01-01,-0.0009099586971600704
2019-01-02,0.46177245356576724
2019-01-03,1.2964522882812277
2019-01-04,-1.613358092563225
2019-01-07,-0.5204504362490219
2019-01-08,-0.4756883663684796
2019-01-09,-1.1835996207011767
2019-01-10,-0.13501027065096596
2019-01-11,-0.6838552286408791
2019-01-14,0.7136380276906877
2019-01-15,-0.6670620009300774
2019-01-16,-1.1201086747537001
2019-01-17,0.18624055723368385
2019-01-18,-1.0202623833928641
2019-01-21,-0.20694251749823603
2019-01-22,0.978879925219671
2019-01-23,-0.1306973445841658
2019-01-24,-0.34249303447781726
2019-01-25,-1.008315788465761
2019-01-28,0.7468689211141621
2019-01-29,-0.5264554344520652
2019-01-30,-0.7210117422081612
2019-01-31,-1.245312512258488
2019-02-01,0.15554364228427606
2019-02-04,0.318853486781479
2019-02-05,-1.0025710164136785
2019-02-06,0.17207306776847306
2019-02-07,1.3329490243056732
2019-02-08,0.5318001540361065
2019-02-11,-0.4933632208857817
2019-02-12,-0.7698521558001269
2019-02-13,-0.4525726484361721
2019-02-14,0.4415974478394303
2019-02-15,-1.0902415878380531
2019-02-18,-0.45377117134858125
2019-02-19,-0.426094840247559
2019-02-20,-0.654239278770981
2019-02-21,0.20189297322009472
2019-02-22,0.44961642945940655
2019-02-25,-1.4579684994492543
2019-02-26,-0.6740562662401579
2019-02-27,-0.6193984815297215
2019-02-28,-0.128154251042864
2019-03-01,0.6460255182386065
2019-03-04,-0.6372227394945068
2019-03-05,-0.34256629212218886
2019-03-06,0.3460564240378201
2019-03-07,0.8429139256662886
2019-03-08,0.7963720113175004
2019-03-11,-1.0214302538607916
2019-03-12,-0.8934177726927846
2019-03-13,-0.6990196023516244
2019-03-14,0.12466020277573527
2019-03-15,0.11331983955236594
2019-03-18,-0.3722577899579613
2019-03-19,-1.4152188019736236
2019-03-20,4.795996994745847
2019-03-21,0.5537509534392114
2019-03-22,1.4180808643280545
2019-03-25,-0.34755010197487607
2019-03-26,-0.7487963001111236
2019-03-27,0.3966077710417239
2019-03-28,-0.005670572139289858
2019-03-29,-1.6712620944077945
2019-04-01,-1.3829105079376554
2019-04-02,0.20756753639462786
2019-04-03,-0.9176715079980696
2019-04-04,0.265179557330953
2019-04-05,-0.45993881915769463
2019-04-08,0.6430966698179666
2019-04-09,-0.36126271840907703
2019-04-10,-0.5761326331818367
2019-04-11,-0.874892205814007
2019-04-12,-0.8932630189727256
2019-04-15,0.538556263362519
2019-04-16,0.10030554713772674
2019-04-17,-0.017757384684183395
2019-04-18,-0.31700529219649065
2019-04-19,-0.0009099586971600704
2019-04-22,-0.0009099586971600704
2019-04-23,0.2645907530547036
2019-04-24,0.5015344101267579
2019-04-25,0.608284649563283
2019-04-26,-0.5824169346746
2019-04-29,-0.6494025789638223
2019-04-30,0.19050658109675483
2019-05-01,0.16147291734945196
2019-05-02,0.6406458719858655
2019-05-03,-0.6592265293536607
2019-05-06,-0.0009099586971600704
2019-05-07,1.8087969016791787
2019-05-08,0.4714206573169333
2019-05-09,2.3989748048415946
2019-05-10,-0.7005168047021161
2019-05-13,1.1743857365249921
2019-05-14,-1.3497516020774547
2019-05-15,0.38950437809687
2019-05-16,-1.1355718001499684
2019-05-17,0.44867929336743506
2019-05-20,0.8263132475436331
2019-05-21,-0.7780031190027487
2019-05-22,0.5060576644995858
2019-05-23,1.57783527410627
2019-05-24,-0.5362114992419429
2019-05-27,-0.0009099586971600704
2019-05-28,0.4497091318513934
2019-05-29,0.9964647759230243
2019-05-30,-0.9747396995782853
2019-05-31,0.8997391899454316
2019-06-03,-0.28142899907444446
2019-06-04,-1.8636316078816095
2019-06-05,-0.34998722831856827
2019-06-06,0.03861021287136647
2019-06-07,-1.6411161360054116
2019-06-10,-0.9064003153778005
2019-06-11,-0.2958493936684734
2019-06-12,0.4962570334663424
2019-06-13,0.14201891777826364
2019-06-14,0.009652459495187476
2019-06-17,-0.5762390140928657
2019-06-18,-2.2940328991203938
2019-06-19,-0.907196019012
2019-06-20,-0.551006321217237
2019-06-21,-0.19444634632117644
2019-06-24,0.35503308614832485
2019-06-25,0.37491937966911815
2019-06-26,0.016878972710505584
2019-06-27,-0.7929610737952493
2019-06-28,-0.943735274656135
2019-07-01,-0.8304346483053515
2019-07-02,-0.6355822715545592
2019-07-03,-0.49512138158848784
2019-07-04,-0.2007132681313822
2019-07-05,1.011986627632736
2019-07-08,0.4812078318555311
2019-07-09,-0.2764507752341249
2019-07-10,-0.9608774178672076
2019-07-11,0.16435928176598488
2019-07-12,-0.11320175724159912
2019-07-15,-0.44057242651374834
2019-07-16,0.7744732474175953
2019-07-17,0.2989574543593161
2019-07-18,-0.46491405592618257
2019-07-19,-0.1791114831187307
2019-07-22,-0.7642527418796047
2019-07-23,-0.30722344431352266
2019-07-24,-1.3911338002837768
2019-07-25,0.17703485953036247
2019-07-26,1.2113690646619366
2019-07-29,1.1150403960456559
2019-07-30,1.1674578674987501
2019-07-31,-0.7164367413536228
2019-08-01,0.34269923058820967
2019-08-02,2.253806336610444
2019-08-05,2.0682850568031435
2019-08-06,-0.5533711856924081
2019-08-07,0.4043856082701571
2019-08-08,-1.5043919224114488
2019-08-09,1.2862806456312235
2019-08-12,0.7052326980990904
2019-08-13,-2.095397097094832
2019-08-14,1.874899122993209
2019-08-15,-1.000644197232753
2019-08-16,-2.140756769599506
2019-08-19,-1.2512573835321161
2019-08-20,0.8567811595728423
2019-08-21,-1.253683828900594
2019-08-22,0.018632786066464225
2019-08-23,1.0499714143904886
2019-08-26,-0.0009099586971600704
2019-08-27,-0.9282921414575496
2019-08-28,-0.418788576708531
2019-08-29,-1.1172480056973568
2019-08-30,0.4850840982215839
2019-09-02,0.265986228538071
2019-09-03,0.8387530565555914
2019-09-04,-0.7278009529291777
2019-09-05,-0.8122134337524354
2019-09-06,-0.6385033457067162
2019-09-09,0.5551111884733694
2019-09-10,1.0175447797347823
2019-09-11,-0.08678012227510325
2019-09-12,-2.9189475522420936
2019-09-13,0.44453563278116937
2019-09-16,0.6070518678314234
2019-09-17,1.012707881825885
2019-09-18,-0.2052248502649953
2019-09-19,-0.3374050714223883
2019-09-20,4.57066736372175
2019-09-23,0.6523835358172
2019-09-24,-0.18961141279770255
2019-09-25,0.3754061100487395
2019-09-26,0.3016777593811802
2019-09-27,0.004881577884859948
2019-09-30,-0.5557556912013558
2019-10-01,-0.350317062562532
2019-10-02,1.5512421219104406
2019-10-03,1.0107496324878924
2019-10-04,-0.7412080576164815
2019-10-07,0.044097989630370704
2019-10-08,0.7932906851570674
2019-10-09,-0.7894889790289713
2019-10-10,-0.8436462831619561
2019-10-11,-1.5726359800762262
2019-10-14,0.8652457971997305
2019-10-15,-1.3857302790540975
2019-10-16,-0.28508147098257486
2019-10-17,0.27711019913323104
2019-10-18,-0.22933056766824175
2019-10-21,-1.1484175272549015
2019-10-22,-0.15529175202489853
2019-10-23,0.08280432409925843
2019-10-24,0.32544565754891736
2019-10-25,-0.6049917321493344
2019-10-28,-0.059339566147677957
2019-10-29,0.559566891105383
2019-10-30,0.3105667775863242
2019-10-31,0.1379737678196134
2019-11-01,-1.0442535083251718
2019-11-04,-0.9378954881771733
2019-11-05,-0.24954580316694178
2019-11-06,0.7393756040500137
2019-11-07,-0.6401683627642561
2019-11-08,0.4664509624544176
2019-11-11,-0.34075130812145893
2019-11-12,-0.3307981503503836
2019-11-13,0.8934266195472313
2019-11-14,0.3135687259796716
2019-11-15,-0.7261361723026475
2019-11-18,-0.09438060366274512
2019-11-19,0.4176118252966282
2019-11-20,0.47090754636164206
2019-11-21,-0.2425180432821129
2019-11-22,0.0972553514145443
2019-11-25,-1.077082175123869
2019-11-26,-0.3540244996794254
2019-11-27,0.012742387445592548
2019-11-28,0.15568213733432004
2019-11-29,-0.15067802675358405
2019-12-02,0.7544745549802473
2019-12-03,0.8349700642079801
2019-12-04,-1.4356151215758786
2019-12-05,0.012668406409742962
2019-12-06,-0.6868586032002524
2019-12-09,0.26833082372203093
2019-12-10,-0.14560918041271845
2019-12-11,0.0956275725598024
2019-12-12,-0.2774940650155507
2019-12-13,-0.540038073982561
2019-12-16,-0.7074499243971587
2019-12-17,-0.0009099586971600704
2019-12-18,-0.18903507796000632
2019-12-19,-0.25588328547783695
2019-12-20,-0.785518834444021
2019-12-23,0.5709128410747288
2019-12-24,-0.08198692591049862
2019-12-25,-0.0009099586971600704
2019-12-26,-0.0009099586971600704
2019-12-27,-0.45421813925552335
2019-12-30,0.08876524568612061
2019-12-31,0.42170809003656756
2020-01-01,-0.0009099586971600704
2020-01-02,-0.38623607729064513
2020-01-03,0.7797958982943534
2020-01-06,0.16604604815842186
2020-01-07,-0.4382559430756862
2020-01-08,-0.46653180313712345
2020-01-09,-0.624687996351699
2020-01-10,0.12782819704368198
2020-01-13,0.1799761928519332
2020-01-14,0.1939231348817973
2020-01-15,-0.08319717012511889
2020-01-16,-0.1887030385956659
2020-01-17,-0.4560803466914876
2020-01-20,0.20470415013254764
2020-01-21,0.36895854373749476
2020-01-22,0.15632846770407877
2020-01-23,0.7740948144880541
2020-01-24,-0.044702702133399025
2020-01-27,1.1965267387934075
2020-01-28,-0.9727152278754803
2020-01-29,-0.14629961054363513
2020-01-30,0.8050387536726966
2020-01-31,0.42979846046201625
2020-02-03,-0.4671761779374579
2020-02-04,-1.4337061562570599
2020-02-05,-0.5860963083877089
2020-02-06,-0.22118838355646372
2020-02-07,0.520777023442308
2020-02-10,-0.4236671915205192
2020-02-11,-0.4292260275854173
2020-02-12,-0.4661570593076127
2020-02-13,0.10045899598770798
2020-02-14,-0.2353160847602547
2020-02-17,-0.22122140905932672
2020-02-18,0.4615921792228619
2020-02-19,-0.25094330848617447
2020-02-20,0.5435666189708764
2020-02-21,0.5649523478140009
2020-02-24,3.5914727079949564
2020-02-25,1.5631783890758877
2020-02-26,0.39783516641839956
2020-02-27,3.630618869340109
2020-02-28,4.022694011367907
2020-03-02,1.606207625252621
2020-03-03,-2.0199500235728354
2020-03-04,0.06044525784689659
2020-03-05,2.296519330649913
2020-03-06,4.871201168375533
2020-03-09,8.658472452653733
2020-03-10,-0.989831792649135
2020-03-11,0.9942955360420027
2020-03-12,6.61997838150851
2020-03-13,-4.4467255695117665
2020-03-16,2.9336900267559747
2020-03-17,-1.076542083060994
2020-03-18,4.8176180218308415
2020-03-19,-4.675425303211789
2020-03-20,-0.08391645248697675
2020-03-23,-0.29031453884574643
2020-03-24,-5.337330329757607
2020-03-25,-3.5785444145616494
2020-03-26,-1.2826211493897703
2020-03-27,3.2798200682994274
2020-03-30,1.3065805889230915
2020-03-31,-0.4758237745435257
2020-04-01,2.225603889000703
2020-04-02,1.4332642125117114
2020-04-03,1.7744030522492835
2020-04-06,-2.9971427136061792
2020-04-07,-2.6536173408100696
2020-04-08,-0.41383405563768316
2020-04-09,-5.9035596055422195
2020-04-10,-0.0009099586971600704
2020-04-13,-0.0009099586971600704
2020-04-14,-0.932090832384302
2020-04-15,3.173013237774297
2020-04-16,-0.02781991266025277
2020-04-17,-1.004603318308094
2020-04-20,1.1256192661794613
2020-04-21,2.3988859938438063
2020-04-22,-2.3738971998385745
2020-04-23,-1.2535544087486608
2020-04-24,1.0943972715030805
2020-04-27,-1.4039974160723891
2020-04-28,0.1873014418750053
2020-04-29,-1.4543491726961781
2020-04-30,1.050766670791008
2020-05-01,1.1898109642304948
2020-05-04,1.2567422399750479
